Venue ID,MSI ID,Venue Name,Website,Venue Address,Plotted the Schedule,No Schedule Available Reason,Remarks,Action Taken,Scheduling Platform,Source Information Type,Language,No. of Classes,Date,Start Time,End Time,AHT,Updated until January 15
64594,117929,Anytime Fitness,https://www.anytimefitness.com/locations/punta-gorda-fl,"3941 Tamiami Trail, Unit 3165, Punta Gorda, FL 33950, U",Admin Plotted,N/A,N/A,No need to update,N/A,Text,English,86,1/7/2026,1/7/2026 22:11,1/7/2026 22:12,00:00:17,
68213,124594,Get Sexy Movement Fitness Studio,https://www.getsexymovementfitness.com/schedule2,"62 Grandview Plaza Shopping Center, Florissant, MO 63033",Admin Plotted,N/A,N/A,No need to update,N/A,Image,English,8,1/5/2026,1/5/2026 22:53,1/5/2026 22:53,00:00:25,
70114,147863,Sweeney&#39;s Gym,https://sweeneysgym.com/classes/,"6050 South Howell Avenue, Milwaukee, WI 53207, US",Admin Plotted,N/A,N/A,No need to update,N/A,Text,English,4,1/6/2026,1/7/2026 00:00,1/7/2026 00:00,00:00:16,
58321,182559,Anytime Fitness (Mount Vernon),https://www.anytimefitness.com/gyms/3002/mount-vernon-o,"1417 Coshocton Avenue, Mount Vernon, OH 43050, US",Admin Plotted,N/A,N/A,No need to update,N/A,Text,English,56,1/5/2026,1/6/2026 04:22,1/6/2026 04:22,00:00:17,
52781,185428,Swedish Fit (Championnet),https://docs.google.com/spreadsheets/d/e/2PACX-1vQHTDCW,"2 Impasse Massonnet, Paris, 75018, FR",Admin Plotted,N/A,SWEDISH FIT 1/07/2026,No need to update,N/A,Text,French,4,1/7/2026,1/7/2026 22:08,1/7/2026 22:09,00:00:17,
60160,28058,"Anytime Fitness (York, PA)",https://www.anytimefitness.com/gyms/2146/york-pa-17403/,"930 South Richland Avenue, York, PA 17403, US",Admin Plotted,N/A,N/A,No need to update,N/A,Text,English,86,1/5/2026,1/5/2026 23:31,1/5/2026 23:32,00:00:24,
178228,296913,BCUK (Eastleigh),https://www.bcuk.uk/all-locations/eastleigh/,"Itchen Valley Country Park, Allington Lane West End, Ea",Admin Plotted,N/A,N/A,No need to update,N/A,Text,English,6,1/7/2026,1/8/2026 00:20,1/8/2026 00:20,00:00:15,
178482,297171,BCUK (Reading),https://www.bcuk.uk/all-locations/reading/,"Cintra Park, Northumberland Avenue, Reading, RG2 7PS, G",Admin Plotted,N/A,N/A,No need to update,N/A,Text,English,6,1/5/2026,1/6/2026 04:25,1/6/2026 04:26,00:00:14,
194732,314913,Basic-Fit (Arent Janszoon Ernststraat 1),https://www.basic-fit.com/nl-nl/clubs/basic-fit-amsterd,"Arent Janszoon Ernststraat 1, Amsterdam, 1083 GP, NL",Admin Plotted,N/A,N/A,No need to update,N/A,Text,Dutch,188,1/5/2026,1/5/2026 23:35,1/5/2026 23:36,00:00:41,
204853,332150,Anytime Fitness,https://www.anytimefitness.com/locations/kansas-city-mi,"7000 Northwest 83 Street, Kansas City, MO 64152, US",Admin Plotted,N/A,N/A,No need to update,N/A,Text,English,60,1/5/2026,1/5/2026 22:58,1/5/2026 22:58,00:00:19,
211420,344537,BCUK - Bognor Regis,https://www.bcuk.uk/all-locations/bognor-regis/,"The Arena Sports Centre, Westloats Ln, Bognor Regis, PO",Admin Plotted,N/A,N/A,No need to update,N/A,Text,English,6,1/6/2026,1/6/2026 23:17,1/6/2026 23:18,00:00:24,
219364,358186,Awareness Training,https://www.vagaro.com/awarenesstraining/classes,"11846 6th St, Rancho Cucamonga, CA 91730, US",Admin Plotted,N/A,N/A,No need to update,vagaro,Text,English,4,1/6/2026,1/7/2026 00:04,1/7/2026 00:05,00:00:42,
238785,398976,Swedish Fit - Bordeaux Saint Genès,https://docs.google.com/spreadsheets/d/e/2PACX-1vQHTDCW,"144 Rue de Saint- Genès, Bordeaux, 33000, FR",Admin Plotted,N/A,SWEDISH FIT 1/07/2026,No need to update,N/A,Text,French,4,1/7/2026,1/7/2026 21:27,1/7/2026 21:27,00:00:18,
52040,67,CrossFit Elk River,https://www.crossfitelkriver.com/assets/pages/schedule.,"16802 US Hwy 10, Elk River, KS 55330, US",Admin Plotted,N/A,N/A,No need to update,N/A,Text,English,56,1/6/2026,1/6/2026 23:57,1/6/2026 23:57,00:00:16,
66261,119625,Hybrid Strength Club,https://www.hybridstrengthclub.com/#menu-section,"6301 Porter Road, Suite 10, Sarasota, FL 34240, US",Admin Plotted,N/A,N/A,No need to update,N/A,Text,English,27,1/6/2026,1/6/2026 14:42,1/6/2026 14:47,00:04:29,
57387,127794,Precision Dance Company,https://www.precisiondance.org/classes,"25834​ Narbonne Avenue, Lomita, CA 90717, US",Admin Plotted,N/A,N/A,No need to update,Wix.com,Text,English,11,1/5/2026,1/5/2026 14:12,1/5/2026 14:22,00:10:09,
72715,158308,"Power Boxing and Fitness, LLC",https://powerboxingfitness.com/,"901 Atlantic Dr, West Chicago, IL 60185, US",Admin Plotted,N/A,N/A,No need to update,wordpress,Text,English,16,1/7/2026,1/7/2026 12:56,1/7/2026 13:09,00:12:53,
47304,17514,Anytime Fitness (Englewood),https://www.anytimefitness.com/locations/englewood-colo,"155 W Hampden Ave, Englewood, CO 80110, US",Admin Plotted,N/A,N/A,No need to update,N/A,Text,English,79,1/7/2026,1/7/2026 09:41,1/7/2026 09:53,00:12:33,
57191,178319,Crossfit Jensen Beach,https://crossfitjensenbeach.com/,"1288 Northeast Business Park Place, Jensen Beach, FL 34",Admin Plotted,N/A,N/A,No need to update,N/A,Text,English,81,1/6/2026,1/6/2026 12:05,1/6/2026 12:18,00:13:36,
58324,182562,Anytime Fitness (Ottawa),https://www.anytimefitness.com/gyms/4468/ottawa-oh-4587,"820 North Locust Street, Ottawa, OH 45875, US",Admin Plotted,N/A,N/A,No need to update,N/A,Text,English,62,1/6/2026,1/6/2026 14:54,1/6/2026 14:58,00:03:40,
25915,183459,Roworx,https://roworx.com/classes/,"5750 Boathouse Ln, Long Beach, CA 90803, US",Admin Plotted,N/A,N/A,No need to update,N/A,Text,English,26,1/6/2026,1/6/2026 08:22,1/6/2026 08:37,00:14:53,
44293,2285,Brickhouse Gym,https://www.thebrickhousegym.com/class-schedule,"3300 Unicorn Lake Blvd #250, Denton, TX 76210, US",Admin Plotted,N/A,ADDRESS PREVIOUSLY CONFIRMED,No need to update,N/A,Text,English,45,1/6/2026,1/6/2026 07:25,1/6/2026 07:35,00:09:35,
174021,292418,Anytime Fitness - Treaschwig,https://www.anytimefitness.com/locations/spring-texas-2,"5645 Treaschwig Road, Spring, TX 77373, US",Admin Plotted,N/A,N/A,No need to update,N/A,Text,English,66,1/7/2026,1/7/2026 07:38,1/7/2026 07:44,00:06:17,
191541,311025,Olympus Athletic Club,https://olympusathleticclub.com/raleigh/,"1538 Capital Boulevard, Raleigh, NC 27603, US",Admin Plotted,N/A,N/A,No need to update,N/A,Text,English,131,1/7/2026,1/7/2026 10:25,1/7/2026 10:34,00:09:05,
203435,329266,Gym Sports Loisirs Bellecour,https://www.gymsportsloisirs.fr/,"87 Rue de la République, Lyon, 69002, FR",Admin Plotted,N/A,N/A,No need to update,N/A,Image,French,43,1/5/2026,1/5/2026 09:21,1/5/2026 09:30,00:09:35,
211859,345128,The Camp Transformation Center - El Cajon,https://thecamptc.com/el-cajon-california/,"1100 North Magnolia Ave Unit C,, El Cajon, CA 92020, US",Admin Plotted,N/A,N/A,No need to update,N/A,Text,English,90,1/5/2026,1/5/2026 14:53,1/5/2026 15:03,00:10:02,
223733,365682,Roswell Tai Chi,https://www.roswelltaichi.com/,"77 East Crossville Road, Roswell, GA 30075, US",Admin Plotted,N/A,N/A,No need to update,N/A,Text,English,4,1/6/2026,1/6/2026 13:26,1/6/2026 13:33,00:07:37,
62363,59153,Anytime Fitness - Jemison,https://www.anytimefitness.com/locations/jemison-alabam,"24571 US Hwy 31, Jemison, AL 35085, US",Admin Plotted,N/A,N/A,No need to update,N/A,Text,English,76,1/7/2026,1/7/2026 10:13,1/7/2026 10:16,00:03:31,
73377,158929,Olympic Gym Kansas City,http://olympicgymkc.com/,"7932 N Oak Trafficway, Gladstone, MO 64118, US",Admin Plotted,N/A,NA,No need to update,NA,Text,English,241,1/5/2026,1/5/2026 21:34,1/5/2026 21:35,00:00:42,
47310,179690,Anytime Fitness Tarzana,https://www.anytimefitness.com/gyms/1801/tarzana-ca-913,"19235 Ventura Blvd, Tarzana, CA 91356, US",Admin Plotted,N/A,NA,No need to update,NA,Text,English,131,1/6/2026,1/6/2026 22:14,1/6/2026 22:14,00:00:11,
178487,297176,BCUK (Winchester),https://www.bcuk.uk/all-locations/winchester/,"Gordon Rd, Winchester, SO23 7DD, GB",Admin Plotted,N/A,NA,No need to update,NA,Text,English,27,1/6/2026,1/6/2026 22:12,1/6/2026 22:12,00:00:16,
204955,332327,Swedish Fit - Paris 14 Cité Universitaire - Arts et Mét,https://docs.google.com/spreadsheets/d/e/2PACX-1vQHTDCW,"27 Boulevard Jourdan, Paris, 75014, FR",Admin Plotted,N/A,SWEDISH FIT 1/07/2026,No need to update,NA,Text,Swedish,9,1/7/2026,1/7/2026 22:36,1/7/2026 22:37,00:00:31,
210331,342509,Asylum,https://www.climbasylum.com/classes,"46 19th Street, San Diego, CA 92102, US",Admin Plotted,N/A,NA,No need to update,NA,Text,English,233,1/7/2026,1/8/2026 01:01,1/8/2026 01:01,00:00:10,
217942,355258,Arashiro Brazilian Jiu-Jitsu,https://arashirobjj.com/schedule,"2035 Northwest 1st Place, Miami, FL 33127, US",Admin Plotted,N/A,NA,No need to update,NA,Text,English,74,1/5/2026,1/5/2026 21:20,1/5/2026 21:20,00:00:15,
226097,369745,Snap Fitness Den Bosch,https://www.snapfitness.com/nl/locaties/den-bosch,"De Eendenkooi 1B, 5223KG Den Bosch Noord-Brabant, &#39;",Admin Plotted,N/A,NA,No need to update,NA,Text,Dutch,144,1/7/2026,1/8/2026 00:53,1/8/2026 00:55,00:02:13,
57837,117539,South Bay Runners Club (Mira Costa Track),https://southbayrunners.org/cs/Southbayrunners/page.det,"1401 Artesia Boulevard, Manhattan Beach, CA 90266, US",Admin Plotted,N/A,n/a,No need to update,n/a,Text,English,2,1/7/2026,1/8/2026 04:19,1/8/2026 04:20,00:00:14,
64574,117909,Anytime Fitness,https://www.anytimefitness.com/locations/old-saybrook-c,"50 Main Street, Old Saybrook, CT 06475, US",Admin Plotted,N/A,n/a,No need to update,n/a,Text,English,48,1/6/2026,1/7/2026 00:25,1/7/2026 00:25,00:00:37,
65706,119098,Studio 14 LLC,https://www.studio14verobeach.com/class-info-and-schedu,"1962 14th Avenue, Vero Beach, FL 32960, US",Admin Plotted,N/A,n/a,No need to update,n/a,Image,English,42,1/5/2026,1/5/2026 22:42,1/5/2026 22:43,00:00:17,
56254,127663,Golden Light Yoga,https://www.golden-light-yoga.com/,"529 Greendale Avenue, Needham, MA 02492, US",Admin Plotted,N/A,n/a,No need to update,n/a,Text,English,7,1/5/2026,1/6/2026 03:12,1/6/2026 03:12,00:00:15,
37658,166642,Park East Fitness,https://www.parkeastfitness.com/classes/,"5236 E Los Altos Plaza, Long Beach, CA 90815, US",Admin Plotted,N/A,n/a,No need to update,Calendly,Text,English,9,1/5/2026,1/6/2026 03:25,1/6/2026 03:26,00:00:35,
44773,1755,Infuzion Fitness,http://www.infuzionfitness.com/class-schedule/,"2114 South Center Street, Maryville, IL 62062, US",Admin Plotted,N/A,n/a,No need to update,n/a,Image,English,37,1/6/2026,1/7/2026 00:01,1/7/2026 00:02,00:00:16,
78774,179046,Triple Threat Gym,https://www.triplethreatgym.com/facilities,"2518 Airport Road, Colorado Springs, CO 80910, US",Admin Plotted,N/A,n/a,No need to update,n/a,Text,English,130,1/6/2026,1/6/2026 21:49,1/6/2026 21:50,00:00:44,
49345,181503,Power of Fitness,http://poweroffitness.com,"72750 Dinah Shore Drive, Palm Desert, CA 92211, US",Admin Plotted,N/A,n/a,No need to update,n/a,Text,English,180,1/6/2026,1/6/2026 23:57,1/6/2026 23:57,00:00:16,
52568,185413,Swedish Fit (Stanislas),https://docs.google.com/spreadsheets/d/e/2PACX-1vQHTDCW,"6 Rue du Montparnasse, Paris, 75006, FR",Admin Plotted,N/A,SWEDISH FIT 01/07/2026,Updated the Schedule,n/a,Text,English,4,1/7/2026,1/7/2026 21:43,1/7/2026 21:44,00:00:27,
199079,320046,Savannah Combat Club,https://savannahcombatclub.com/,"715 East 37th Street, Savannah, GA 31401, US",Admin Plotted,N/A,n/a,No need to update,GoDaddy,Text,English,34,1/5/2026,1/6/2026 03:04,1/6/2026 03:05,00:00:38,
200837,322822,Project Fitt Mitchell,https://pfmcanberra.com.au/classes-%26-pricing,"5 McEacharn Place, Mitchell, ACT 2911, AU",Admin Plotted,N/A,n/a,No need to update,GoDaddy,Image,English,7,1/6/2026,1/6/2026 20:45,1/6/2026 20:46,00:00:43,
207689,338150,The Camp Transformation Center- Round Rock TX,https://thecamptc.com/locations/round-rock-texas,"16708 Picadilly Ct #106, Round Rock, TX 78664, US",Admin Plotted,N/A,n/a,No need to update,n/a,Text,English,58,1/6/2026,1/6/2026 20:56,1/6/2026 20:56,00:00:16,
61190,34020,"Snap Fitness - Bryan, TX",https://www.snapfitness.com/us/gyms/bryan-tx/,"4282 Boonville Rd, Suite 130, Bryan, TX 77802, US",Admin Plotted,N/A,n/a,No need to update,n/a,Text,English,64,1/5/2026,1/5/2026 21:42,1/5/2026 21:43,00:00:14,
49381,3875,Innovative Fitness (Gig Harbor),https://innovativefitnessclubs.com/group-training/#sche,"4902 Point Fosdick Dr NW, Gig Harbor, WA 98335, US",Admin Plotted,N/A,n/a,No need to update,n/a,Image,English,35,1/6/2026,1/7/2026 00:39,1/7/2026 00:40,00:01:13,
44966,3977,Anytime Fitness (El Reno),https://www.anytimefitness.com/locations/el-reno-oklaho,"1627A Highway 66, El Reno, OK 73036, US",Admin Plotted,N/A,n/a,No need to update,n/a,Text,English,68,1/5/2026,1/6/2026 03:19,1/6/2026 03:20,00:00:15,
45732,1121,Warrior Fitness (Fresno),https://www.warriorfitnessfresno.com/class-schedule,"8039 N Cedar Ave, Fresno, CA 93720, US",Admin Plotted,N/A,N/A,No need to update,N/A,Text,English,36,1/9/2026,1/9/2026 21:22,1/9/2026 21:22,00:00:20,
30108,117073,Forged Fitness,https://www.forgedftw.com/schedule,"321 Greenleaf St, Fort Worth, TX 76107, US",Admin Plotted,N/A,N/A,No need to update,N/A,Text,English,76,1/8/2026,1/10/2026 05:44,1/10/2026 05:45,00:00:12,
56232,117283,Lane 5 CrossFit,https://lane5.sites.zenplanner.com/calendar.cfm,"855 Ferry Street, Eugene, OR 97401, US",Admin Plotted,N/A,N/A,No need to update,zenplanner,Text,English,76,1/9/2026,1/9/2026 21:19,1/9/2026 21:20,00:00:55,
58708,184063,UNDERDOG BOXING GYM,https://www.underdogboxing.ca/horaire--schedule.html,"9 rue Sainte-Catherine Est Métro Saint-Laurent, Québec,",Admin Plotted,N/A,N/A,No need to update,N/A,Text,English,56,1/7/2026,1/10/2026 04:59,1/10/2026 04:59,00:00:24,
197028,317472,Step Up Academy - Spring Souk,https://stepup.ae/schedules-locations,"The Springs Souk Mall, Al Afnan St, Dubai, 0000, AE",Admin Plotted,N/A,N/A,No need to update,N/A,Text,English,8,1/8/2026,1/10/2026 05:31,1/10/2026 05:31,00:00:19,
201163,323700,ATL FITNESS 24/7 - Lilburn,https://www.basic-fit.com/nl-nl/clubs/basic-fit-amsterd,"4045 Five Forks Trickum Rd SW, Lilburn, GA 30047, US",Admin Plotted,N/A,N/A,No need to update,N/A,Text,English,37,1/8/2026,1/10/2026 05:16,1/10/2026 05:16,00:00:21,
204101,330657,AMRAP Method,https://www.amrapmethod.com/,"1967 Wisconsin Avenue, Grafton, WI 53024, US",Admin Plotted,N/A,N/A,No need to update,wodify,Text,English,76,1/9/2026,1/9/2026 23:28,1/9/2026 23:37,00:09:03,
211915,345238,Gritfit Studio,https://www.gritfitavl.com/book-now,"611 Tunnel Road Ste C, Asheville, NC 28805, US",Admin Plotted,N/A,N/A,No need to update,N/A,Text,English,22,1/9/2026,1/10/2026 00:47,1/10/2026 00:48,00:00:25,
212964,346430,CrossFit Moorabbin,https://cfmfunctionaltraining.pushpress.com/schedule,"16 Cochranes Road, Moorabbin, VIC 3189, AU",Admin Plotted,N/A,N/A,No need to update,Pushpress,Text,English,56,1/9/2026,1/10/2026 05:56,1/10/2026 05:57,00:01:05,
215108,350141,City of Fort Worth Parks and Recreation - Southwest Com,https://www.fortworthtexas.gov/departments/parks/servic,"6300 Welch Ave, Fort Worth, TX 76133, US",Admin Plotted,N/A,N/A,No need to update,N/A,Text,English,122,1/5/2026,1/10/2026 04:03,1/10/2026 04:03,00:00:11,
215109,350142,City of Fort Worth Parks and Recreation - Sycamore Comm,https://www.fortworthtexas.gov/departments/parks/servic,"2525 E. Rosedale St, Fort Worth, TX 76105, US",Admin Plotted,N/A,N/A,No need to update,N/A,Text,English,122,1/5/2026,1/10/2026 04:03,1/10/2026 04:04,00:00:13,
221339,361494,The Studio Standish,https://gymcatch.com/app/provider/7672/events,"The Studio Standish, Unit 10C Bradley Lane, Standish, W",Admin Plotted,N/A,N/A,No need to update,N/A,Text,English,22,1/9/2026,1/10/2026 05:49,1/10/2026 05:49,00:00:16,
224762,367340,Battersea Spanish,https://batterseaspanish.com/whats-on?category=dance-fi,"263-265 Battersea Park Road, London, SW11 4NE, GB",Admin Plotted,N/A,N/A,No need to update,N/A,Text,English,6,1/9/2026,1/10/2026 05:48,1/10/2026 05:48,00:00:15,
226296,370028,Fortify Fitness Collective,https://fortifyfit.com/,"315 Raemisch Rd, Ste A, Waunakee, WI 53597, US",Admin Plotted,N/A,N/A,No need to update,N/A,Text,English,76,1/9/2026,1/10/2026 00:52,1/10/2026 00:53,00:00:43,
236990,396039,Dominion Gym,http://www.dominiongym.com/schedule/,"6100 K Avenue, Suite 117, Plano, TX 75074, US",Admin Plotted,N/A,N/A,No need to update,N/A,Text,English,76,1/9/2026,1/10/2026 03:29,1/10/2026 03:30,00:00:26,
49987,4263,Katy Boxing Club,https://www.katyboxingclub.com/,"18703 W Little York Rd, Suite 101-102, Katy, TX 77449,",Admin Plotted,N/A,N/A,No need to update,N/A,Image,English,36,1/9/2026,1/10/2026 03:32,1/10/2026 03:32,00:00:23,
256157,435045,SilKi Movements,https://silkimovementstudio.as.me/schedule/d65767e1/cat,"1035 22nd Avenue, Unit 17, Oakland, CA 94606, US",Admin Plotted,N/A,N/A,No need to update,N/A,Text,English,56,1/9/2026,1/10/2026 05:46,1/10/2026 05:47,00:00:13,
256231,435125,FIT KAT,https://fitkat.pushpress.com/landing/calendar,"34 Price Street, Nambour, QLD 4560, AU",Admin Plotted,N/A,N/A,No need to update,Pushpress,Text,English,36,1/8/2026,1/10/2026 05:41,1/10/2026 05:42,00:00:15,
256428,435649,Stretchy Yoga - Grey Lynn RSC,https://www.stretchyyoga.co.nz/,"1 Francis Street, Park street side, Level 2 of the RSC,",Admin Plotted,N/A,N/A,No need to update,N/A,Text,English,22,1/9/2026,1/10/2026 06:03,1/10/2026 06:03,00:00:14,
257837,438687,MVP Zone Fitness,https://mymvpzone.com/schedule/,"4795 Vineland Avenue, Unit B, Los Angeles, CA 91602, US",Admin Plotted,N/A,N/A,No need to update,N/A,Text,English,76,1/9/2026,1/10/2026 05:45,1/10/2026 05:45,00:00:13,
42456,589,Dance Concept,https://www.dance-concept.com/class-schedule.html,"4809 Bryant Irvin Road, Fort Worth, TX 76107, US",Admin Plotted,N/A,N/A,No need to update,N/A,Text,English,76,1/9/2026,1/10/2026 06:05,1/10/2026 06:05,00:00:13,
23295,183360,Upward Spiral Studio,https://upwardspiralstudio.com/group-classes/,"7 Temple St, Cambridge, MA 02139, US",Admin Plotted,N/A,N/A,No need to update,N/A,Text,English,6,1/7/2026,1/10/2026 06:14,1/10/2026 06:14,00:00:16,
27965,184460,Bethesda Boxing and Kickboxing Academy,https://www.bethesdaboxing.com/schedule/,"4940 St Elmo Ave, Bethesda, MD 20814, US",Admin Plotted,N/A,n/a,No need to update,n/a,Text,English,46,1/5/2026,1/10/2026 04:00,1/10/2026 04:00,00:00:15,
28124,180205,Diesel Fitness,https://www.dieselfitness214.com/class-schedule,"2901 Cityplace W Blvd, #100, Dallas, TX 75204, US",Admin Plotted,N/A,n/a,No need to update,n/a,Text,English,28,1/7/2026,1/10/2026 06:05,1/10/2026 06:05,00:00:14,
28769,184100,Optimal Sport 1315,https://optimalsporthealthclubs.com/locations/philadelp,"1315 Walnut St LL100, Philadelphia, PA 19107, US",Admin Plotted,N/A,n/a,No need to update,n/a,Text,English,18,1/6/2026,1/10/2026 04:26,1/10/2026 04:27,00:00:15,
31216,38,Soulfire Studios,https://dancestudio-pro.com/online/classes.php?account_,"8540 W Lake Mead Blvd, #110, Las Vegas, NV 89128, US",Admin Plotted,N/A,n/a,No need to update,n/a,Text,English,30,1/7/2026,1/10/2026 05:51,1/10/2026 05:51,00:00:19,
31821,1163,CrossFit FX,http://www.crossfitfx.com/class-times/,"175 Bellevue Parade, Carlton, NSW 2218, Australia",Admin Plotted,N/A,NA,No need to update,NA,Text,English,121,1/6/2026,1/12/2026 09:44,1/12/2026 09:44,00:00:13,
32953,179674,Soka Tribe Dance Fitness,https://sokatribe.com/we-dance/,"905 U St NW, Washington, DC 20001, US",Admin Plotted,N/A,n/a,No need to update,n/a,Text,English,2,1/7/2026,1/10/2026 05:31,1/10/2026 05:32,00:00:19,
33419,1237,The Camp Transformation Center (Lancaster),https://thecamptc.com/locations/lancaster-california,"42217 12th St W, Suite A, Lancaster, CA 93534, United S",Admin Plotted,N/A,NA,No need to update,NA,Text,English,131,1/8/2026,1/12/2026 10:57,1/12/2026 10:57,00:00:12,
34751,1268,Studio F.I.T of Tampa,https://www.studiofitoftampa.com/calendar,"2136 Ashley Oaks Cir, Wesley Chapel, FL 33544, United S",Admin Plotted,N/A,NA,No need to update,NA,Text,English,133,1/7/2026,1/12/2026 09:54,1/12/2026 09:54,00:00:10,
36548,17224,Body & Brain Yoga + Tai Chi (Pinecrest),https://www.bodynbrain.com/locations/florida/pinecrest,"9727 S Dixie Hwy, Pinecrest, FL 33156, US",Admin Plotted,N/A,N/A,No need to update,N/A,Text,English,26,1/5/2026,1/10/2026 07:17,1/10/2026 07:17,00:00:17,
38397,8019,Next Level Martial Arts and Fitness,https://nextlevelmartialartsil.com/Home/Schedule,"4031 Oakton St, Skokie, IL 60076, US",Admin Plotted,N/A,N/A,No need to update,N/A,Text,English,60,1/5/2026,1/10/2026 04:33,1/10/2026 04:33,00:00:16,
39787,423,Kaiwan Budokai,http://www.kaiwanbudokai.org/,"Severna Park Community Center, 623 Baltimore Annapolis",Admin Plotted,N/A,N/A,No need to update,Wordpress,Text,English,4,1/8/2026,1/10/2026 05:45,1/10/2026 05:46,00:00:13,
39951,17288,KSA Martial Academy,https://www.ksamartialacademy.com/,"4908 Charlotte Pike Second Floor, Nashville, TN 37209,",Admin Plotted,N/A,n/a,No need to update,n/a,Text,English,28,1/7/2026,1/10/2026 05:54,1/10/2026 05:54,00:00:13,
39988,1421,Cincofit,https://cincofit.com/,"23010 Highland Knolls Dr, Katy, TX 77494, US",Admin Plotted,N/A,n/a,No need to update,n/a,Text,English,48,1/6/2026,1/10/2026 04:24,1/10/2026 04:24,00:00:15,
40353,17336,Defensive Edge Martial Arts and Fitness,https://defensive-edge.com/schedule/,"18 Del Carmine St, Wakefield, MA 01880, United States",Admin Plotted,N/A,NA,No need to update,NA,Text,English,133,1/8/2026,1/12/2026 10:56,1/12/2026 10:56,00:00:11,
40354,117094,CrossFit Adrenaline,https://crossfitadrenaline.com/schedule/,"790 West Ave, Cartersville, GA 30120, US",Admin Plotted,N/A,N/A,No need to update,N/A,Text,English,72,1/9/2026,1/10/2026 04:12,1/10/2026 04:12,00:00:14,
40627,180904,Undisputed Boxing,https://www.undisputedbyalex.com/book,"7017 Farrell Rd SE, Calgary, AB T2H 0T3, CA",Admin Plotted,N/A,N/A,No need to update,N/A,Text,English,68,1/9/2026,1/10/2026 05:41,1/10/2026 05:41,00:00:25,
41135,180917,Balanced BODIES,https://www.bbodies.com/classes/pilates-group-mat/,"445 Carlisle Dr, Herndon, VA 20170, United States",Admin Plotted,N/A,NA,No need to update,NA,Text,English,123,1/7/2026,1/12/2026 09:54,1/12/2026 09:54,00:00:12,
41358,117136,Judo Movement,https://judo-movement.com/?page_id=36#schedule,"420 Commerce Ln, Suite 11, West Berlin, NJ 08091, US",Admin Plotted,N/A,N/A,No need to update,N/A,Image,English,12,1/6/2026,1/10/2026 06:31,1/10/2026 06:31,00:00:16,
41827,511,Premier Academy of the Performing Arts,https://premieracademyofdance.com/adult/,"8405 E US Hwy 36, Avon, IN 46123, US",Admin Plotted,N/A,n/a,No need to update,n/a,Text,English,28,1/9/2026,1/10/2026 03:17,1/10/2026 03:17,00:00:13,
43475,3924,American Karate Center,http://www.americankaratecenter.com/adult-martial-arts-,"2005 Huguenot Rd, Suite F, Richmond, VA 23235, United S",Admin Plotted,N/A,NA,No need to update,NA,Text,English,131,1/7/2026,1/12/2026 10:00,1/12/2026 10:00,00:00:10,
44694,128558,PT2,https://ptsquaredfitness.com/class-schedule,"110 N Main St, Collierville, TN 38017, United States",Admin Plotted,N/A,NA,No need to update,NA,Text,English,131,1/6/2026,1/12/2026 09:48,1/12/2026 09:48,00:00:11,
44700,181072,Top Out Climbing Gym,https://www.topoutclimbing.com/fitnessyoga,"26332 Ferry Ct, Santa Clarita, CA 91350, US",Admin Plotted,N/A,n/a,No need to update,n/a,Text,English,30,1/6/2026,1/10/2026 05:10,1/10/2026 05:11,00:00:17,
44852,1763,Dynamic Force Dance,http://www.dynamicforcedance.com/events/?view=calendar&,"2150 S Canalport Ave, Chicago, IL 60608, US",Admin Plotted,N/A,n/a,No need to update,n/a,Text,English,36,1/9/2026,1/10/2026 03:05,1/10/2026 03:05,00:00:13,
45315,2313,Sweet Z&#39;s Gym,https://www.sweetestboxingkc.com/,"2416 S. 34TH ST., Kansas City, KS 66106, US",Admin Plotted,N/A,N/A,No need to update,N/A,Text,English,46,1/8/2026,1/10/2026 05:58,1/10/2026 05:58,00:00:15,
45417,2350,TNT MMA Training Center,https://tntbjj.com/#single/0,"1515 W. Deer Valley Rd, Suite B-105, Phoenix, AZ 85027,",Admin Plotted,N/A,n/a,No need to update,n/a,Text,English,28,1/9/2026,1/10/2026 03:27,1/10/2026 03:28,00:00:14,
46588,2523,Mendes Martial Arts,https://www.mendesmartialartsandfitness.com/class-calen,"239 Broadway, Taunton, MA 02780, US",Admin Plotted,N/A,n/a,No need to update,n/a,Text,English,26,1/6/2026,1/10/2026 04:22,1/10/2026 04:23,00:00:14,
46738,4813,Anytime Fitness (Federal Way),https://www.anytimefitness.com/gyms/1139/Boise-ID-83716,"6582 S. Federal Way, Boise, ID 83716, US",Admin Plotted,N/A,N/A,No need to update,N/A,Text,English,72,1/5/2026,1/10/2026 04:35,1/10/2026 04:35,00:00:18,
46854,2556,"Sam Colonna Boxing, MMA and Fitness",http://www.samcolonnaboxing.com/calendar.html,"2600 W 35th St, Second Floor, Chicago, IL 60632, US",Admin Plotted,N/A,N/A,No need to update,N/A,Text,English,60,1/6/2026,1/10/2026 06:28,1/10/2026 06:28,00:00:14,
209585,341413,Fred Astaire Dance Studios - Peoria,https://www.fredastaire.com/peoria/calendar/,"8978 West Union Hills Drive, Peoria, AZ 85382, US",Admin Plotted,N/A,NA,No need to update,NA,Text,English,122,1/7/2026,1/12/2026 09:56,1/12/2026 09:56,00:00:11,
209780,341747,Vitality Fitness,https://vitalityfitnessco.com/getting-started-ff/,"7 Westerley Rd., Ossining, NY 10562, US",Admin Plotted,N/A,N/A,No need to update,N/A,Text,English,32,1/8/2026,1/10/2026 05:53,1/10/2026 05:53,00:00:14,
209860,341862,Trainmore Bussum - Open Gym,https://trainmore.nl/clubs/bussum/,"Landstraat 45, Bussum, 1404 JG, NL",Admin Plotted,N/A,N/A,No need to update,N/A,Text,Dutch,186,1/8/2026,1/10/2026 05:47,1/10/2026 05:47,00:00:13,
209861,341863,Trainmore Beethovenstraat - Open Gym,https://trainmore.nl/clubs/beethovenstraat/,"Strawinskylaan 159, Amsterdam, 1077 XX, NL",Admin Plotted,N/A,N/A,No need to update,N/A,Text,Dutch,188,1/8/2026,1/10/2026 05:48,1/10/2026 05:48,00:00:17,
209889,341893,Honu Sumo,https://sandiegosumo.com/#b91ed878-e24a-429e-a024-d1796,"4310 Orange Avenue, San Diego, CA 92105, US",Admin Plotted,N/A,NA,No need to update,NA,Text,English,123,1/8/2026,1/12/2026 10:58,1/12/2026 10:58,00:00:14,
210248,342360,Checkmat BJJ Mt. Juliet,https://mtjulietjiujitsu.com/schedule/,"14807 Lebanon Road, Mt. Juliet, TN 37138, US",Admin Plotted,N/A,N/A,No need to update,N/A,Text,English,36,1/8/2026,1/10/2026 05:43,1/10/2026 05:43,00:00:15,
210460,342848,Group Training Melbourne,https://grouptrainingmelbourne.com.au/timetable/,"Surrey Drive, Box Hill, VIC AU",Admin Plotted,N/A,n/a,No need to update,n/a,Text,English,30,1/6/2026,1/10/2026 05:11,1/10/2026 05:12,00:00:16,
210671,343175,Dance Your Pounds Off Studio,http://www.uhurudancers.com/dance---drum-atlanta---beyo,"2461 Metropolitan Parkway Southwest, Atlanta, GA 30315,",Admin Plotted,N/A,N/A,No need to update,N/A,Text,English,6,1/9/2026,1/9/2026 13:04,1/9/2026 13:11,00:07:10,
210676,343179,DC Dance Center,https://dcdancesl.com/adult-classes,"1555 Washington Avenue, San Leandro, CA 94577, US",Admin Plotted,N/A,NA,No need to update,NA,Text,English,45,1/8/2026,1/12/2026 10:50,1/12/2026 10:50,00:00:12,
211148,344099,Perfect Fit Wellness Center,https://perfectfitwc.com/event-calendar/,"9480 Curtis Road, Peyton, CO 80831, US",Admin Plotted,N/A,NA,No need to update,NA,Text,English,131,1/5/2026,1/12/2026 09:33,1/12/2026 09:33,00:00:14,
211418,344535,BCUK Sevenoaks,https://www.bcuk.uk/all-locations/sevenoaks/,"Knole Academy Bradbourne Vale Rd, Sevenoaks, TN13 3LE,",Admin Plotted,N/A,N/A,No need to update,N/A,Text,English,6,1/9/2026,1/9/2026 21:35,1/9/2026 21:36,00:01:04,
212222,345628,Endurance PTC,https://enduranceptc.com/ecycling-class-schedule,"8 Madrona Street, Mill Valley, CA 94941, US",Admin Plotted,N/A,NA,No need to update,NA,Text,English,133,1/8/2026,1/12/2026 10:06,1/12/2026 10:07,00:00:19,
212229,345653,The Breathing Room,https://breathingroomph.com/classes-schedule/,"Icon Plaza, 26th Street, BGG, Unit 8D, Taguig, 1634, PH",Admin Plotted,N/A,N/A,No need to update,N/A,Text,English,78,1/5/2026,1/10/2026 07:09,1/10/2026 07:09,00:00:16,
213432,347101,Levels Functional Fitness,https://levelsfunctionalfitness.com/events-2/,"700 Glenn Drive #140, Folsom, CA 95630, US",Admin Plotted,N/A,N/A,No need to update,N/A,Text,English,60,1/8/2026,1/10/2026 05:47,1/10/2026 05:48,00:00:21,
213814,347738,Retro Fitness - Belleville,https://mico.myiclubonline.com/iclub/members/signin?clu,"347 S Franklin Avenue, Belleville, NJ 07109, US",Admin Plotted,N/A,n/a,No need to update,n/a,Text,English,20,1/7/2026,1/10/2026 05:59,1/10/2026 06:00,00:00:14,
213939,347959,Excluzive Dance Studio,https://excluzivedance.as.me/schedule.php?fbclid=IwAR0f,"6030 Highway 85, Ste 108, Riverdale, GA 30274, US",Admin Plotted,N/A,N/A,No need to update,N/A,Text,English,46,1/5/2026,1/10/2026 06:55,1/10/2026 06:56,00:00:16,
214417,348877,Viking Fitness,https://www.facebook.com/Vikingfitnesspa/,"210 Carter Dr, Unit 6, West Chester, PA, United States,",Admin Plotted,N/A,n/a,No need to update,n/a,Text,English,80,1/7/2026,1/10/2026 06:01,1/10/2026 06:01,00:00:14,
214430,348890,Crossfit Stony Brook,https://www.crossfitstonybrook.com/schedule,"2 Flowerfield, Saint James, NY 11780, US",Admin Plotted,N/A,NA,No need to update,NA,Text,English,121,1/5/2026,1/12/2026 09:27,1/12/2026 09:27,00:00:10,
214617,349391,deen Fitness Club GmbH,https://www.deen.de/kurse,"45/46 Rheinstraße, Berlin, 12161, DE",Admin Plotted,N/A,N/A,No need to update,N/A,Image,German,60,1/6/2026,1/10/2026 20:40,1/10/2026 20:40,00:00:19,
215054,350090,City of Fort Worth Parks and Recreation (Chisholm Trail,https://www.fortworthtexas.gov/departments/parks/servic,"4936 McPherson Blvd, Fort Worth, TX 76123, US",Admin Plotted,N/A,N/A,No need to update,N/A,Text,English,56,1/6/2026,1/10/2026 06:36,1/10/2026 06:36,00:00:13,
215413,350539,Absolute Strength Sports Performance & Fitness,https://www.absolutestrength19.com/class-schedule,"7345 International Place, Sarasota, FL 34240, US",Admin Plotted,N/A,NA,No need to update,NA,Text,English,133,1/6/2026,1/12/2026 09:47,1/12/2026 09:47,00:00:16,
217151,353639,School of Judo - yo:HA Commerical @ Tampines 353639,https://schoolofjudo.com/,"Elite Sports Academy Gym, Singapore, 528893, SG",Admin Plotted,N/A,NA,No need to update,NA,Text,English,122,1/5/2026,1/12/2026 09:37,1/12/2026 09:37,00:00:13,
217733,354734,Yin.Skin.Breathe,https://app.acuityscheduling.com/schedule.php?owner=295,"Unite Fitness 137 Shawbridge Street, Glasgow, G43 1QQ,",Admin Plotted,N/A,NA,No need to update,NA,Text,English,133,1/7/2026,1/12/2026 09:58,1/12/2026 09:58,00:00:12,
218200,355840,Body & Brain Yoga Tai-Chi Skokie,https://www.bodynbrain.com/locations/illinois/skokie,"3421 Dempster Street, Skokie, IL 60076, US",Admin Plotted,N/A,NA,No need to update,NA,Text,English,112,1/5/2026,1/12/2026 09:35,1/12/2026 09:35,00:00:12,
218830,357212,CrossFit Archon,https://www.archoncrossfit.com/schedule,"1721 S. Bothum Jean Blvd., Dallas, TX 75215, US",Admin Plotted,N/A,n/a,No need to update,n/a,Text,English,34,1/9/2026,1/10/2026 03:24,1/10/2026 03:25,00:00:13,
219275,358041,Carlson Gracie Team San Diego,https://carlsongracieteamsandiego.wordpress.com/current,"215 Denny Way, Suite C, El Cajon, CA 92020, US",Admin Plotted,N/A,n/a,No need to update,n/a,Text,English,24,1/6/2026,1/10/2026 04:52,1/10/2026 04:52,00:00:13,
219290,358056,Pursuit of Fitness,https://pursuitoffitnesslv.com/Home/Schedule,"2123 Foothill Boulevard, La Verne, CA 91750, US",Admin Plotted,N/A,N/A,No need to update,N/A,Text,English,62,1/5/2026,1/10/2026 06:50,1/10/2026 06:50,00:00:14,
219664,358827,WRK Concept,https://wrkconcept.com/schedule/,"3209 Tampa Road, Palm Harbor, FL 34684, US",Admin Plotted,N/A,n/a,No need to update,n/a,Text,English,20,1/6/2026,1/10/2026 05:04,1/10/2026 05:04,00:00:17,
219803,359042,Yoga for Life with Kerry Temple-Wood,http://kerrytemplewood.com/yin-restorative-yoga-classes,"6541 North 63rd Street, Longmont, CO 80503, US",Admin Plotted,N/A,NA,No need to update,NA,Text,English,122,1/7/2026,1/12/2026 09:52,1/12/2026 09:53,00:00:11,
220608,360291,Anytime Fitness Downtown SD,https://www.anytimefitness.com/gyms/5158/san-diego-ca-9,"180 Broadway, San Diego, CA 92101, US",Admin Plotted,N/A,NA,No need to update,NA,Text,English,133,1/5/2026,1/12/2026 09:38,1/12/2026 09:38,00:00:11,
220610,360293,Anytime Fitness Chula Vista,https://www.anytimefitness.com/gyms/3919/chula-vista-ca,"2322 Proctor Valley Road, Chula Vista, CA 91914, US",Admin Plotted,N/A,NA,No need to update,NA,Text,English,121,1/6/2026,1/12/2026 09:43,1/12/2026 09:43,00:00:13,
220646,360359,Spartan Nation Combatives and Fitness,https://spartannationcombatives.com/schedule,"3929 East Main Street Suite 12, Mesa, AZ 85205, US",Admin Plotted,N/A,NA,No need to update,NA,Text,English,132,1/7/2026,1/12/2026 09:51,1/12/2026 09:51,00:00:13,
220798,360660,Steel Mill CrossFit Fleming Island,https://steelmillfi.com/schedule/,"2320 Market Drive, Fleming Island, FL 32003, US",Admin Plotted,N/A,N/A,No need to update,N/A,Text,English,132,1/7/2026,1/10/2026 06:20,1/10/2026 06:20,00:00:14,
220877,360747,PILLAR JIUJITSU& BOXING,https://pillarjiujitsu.com/our-team,"1661 Nostrand Avenue, Brooklyn, NY 11226, US",Admin Plotted,N/A,NA,No need to update,NA,Text,English,131,1/5/2026,1/12/2026 09:33,1/12/2026 09:33,00:00:11,
221144,361252,Rapid Performance Training Martial Arts,https://img1.wsimg.com/blobby/go/2b877d82-ba6b-4a2f-877,"8451 SE 68th St Ste 102, Mercer Island, WA 98040, US",Admin Plotted,N/A,N/A,No need to update,GoDaddy,Text,English,36,1/6/2026,1/10/2026 06:30,1/10/2026 06:30,00:00:14,
261650,443027,Pilates Plus - Private Sessions,https://www.pilatesplusredbank.com/schedule-hours-1-2,"23 West Front Street, Red Bank, NJ 07701, US",Admin Plotted,N/A,N/A,No need to update,N/A,Text,English,120,1/14/2026,1/14/2026 5:48,1/14/2026 5:49,00:01:13,
251562,423334,10th Planet Brazilian Jiu Jitsu - NYC,https://www.10thplanetjjnyc.com/jiu-jitsu-manhattan-nyc-schedule/,"35 West 43rd Street, 4th floor, New York, NY 10036, US",Admin Plotted,N/A,N/A,No need to update,N/A,Text,English,24,1/13/2026,1/14/2026 5:27,1/14/2026 5:42,00:15:03,
230607,385589,PAPILLON TANZ STUDIOS am Ostkreuz,https://papillon-tanz.de/kursplan/,"25 Gürtelstraße, Berlin, 10247, DE",Admin Plotted,N/A,N/A,No need to update,N/A,Text,English,68,1/13/2026,1/14/2026 5:42,1/14/2026 5:44,00:01:41,
271344,454985,The MATS Jiu-Jitsu Academy,https://www.themats.academy/classes,"8701 North Tarrant Parkway,, Suite 100B, North Richland Hills, TX 76182, US",Admin Plotted,N/A,N/A,No need to update,N/A,image,English,32,1/13/2026,1/14/2026 5:44,1/14/2026 5:46,00:02:28,
228886,381930,THE BOUTIQUE BARRE STUDIO,https://boutique-barrestudio.net/anmeldung-studio-wien/stundenplan/,"Weyringergasse 40, Wien, 1040, AT",Admin Plotted,N/A,N/A,No need to update,N/A,Text,English,12,1/13/2026,1/14/2026 5:46,1/14/2026 5:51,00:04:32,
205048,332539,AIMWell Enterprise,https://aim-well.org/yoga-classes,"8026 The Paseo, Kansas City, MO 64131, US",Admin Plotted,N/A,N/A,No need to update,N/A,Text,English,133,1/13/2026,1/14/2026 5:49,1/14/2026 5:52,00:02:33,
223823,365887,Sarah Brown Yoga @The Cabin,https://www.sarahbrownyoga.co.uk/book-your-class/,"67 Eversley Road, London, SE19 3QS, GB",Admin Plotted,N/A,N/A,No need to update,N/A,Text,English,28,1/13/2026,1/14/2026 5:51,1/14/2026 5:56,00:05:08,
198394,319021,Nova Mente Academy,https://www.novamentebjj.com/,"2761 West Oxford Avenue, Englewood, CO 80110, US",Admin Plotted,N/A,N/A,No need to update,N/A,Text,English,76,1/13/2026,1/14/2026 5:52,1/14/2026 5:53,00:00:44,
206459,335697,Jazzercise - Pasadena Fitness Center,https://www.jazzercise.com/location/pasadena-jazzercise-fitness-center-21223,"8541 Ft. Smallwood Rd., Pasadena, MD 21122, US",Admin Plotted,N/A,N/A,No need to update,N/A,Text,English,120,1/13/2026,1/14/2026 5:55,1/14/2026 5:55,00:00:28,
243853,407911,Latin Dance New Zealand,https://latindancenz.co.nz/enrol/,"43 Cook Street, Auckland, CBD 1010, NZ",Admin Plotted,N/A,N/A,No need to update,N/A,Text,English,81,1/13/2026,1/14/2026 5:55,1/14/2026 5:56,00:01:09,
269255,452269,Pulse After Dark,https://student.groovio.com.au/view-studio/PULSE%20AFTER%20DARK/U2FsdGVkX1+At+jTj3AYmYxw6S2a3NRQxQmQzH7fh7Q=,"20 Chingford Street, Fairfield, VIC 3078, AU",Admin Plotted,N/A,N/A,No need to update,N/A,Text,English,75,1/13/2026,1/14/2026 5:57,1/14/2026 5:59,00:02:09,
269304,452325,Motion Pro Health - Coquitlam (fitness),https://motionpro.janeapp.com/locations/coquitlam-square/book#/reformer-studio-pilates-group-and-private-classes,"2918 Glen Drive, Unit 115, Coquitlam, BC V3B 2P5, CA",Admin Plotted,N/A,N/A,No need to update,N/A,Text,English,65,1/13/2026,1/14/2026 5:59,1/14/2026 6:00,00:01:28,
271290,454929,Movement Medicine with Safia at Backwell Parish Hall,https://www.movementmedicinewithsafia.co.uk/booking,"Backwell Parish Hall Station Road Backwell, Bristol, BS48 3QW, GB",Admin Plotted,N/A,N/A,No need to update,N/A,Text,English,9,1/13/2026,1/14/2026 6:00,1/14/2026 6:01,00:00:55,
254695,431166,Siddhi Yoga & Wellness,https://www.momoyoga.com/siddhi-yogawellness/schedule,"Room A, 13/F, Uwa Building, 18-19 Connaught Road West, Sheung Wan, 0000, HK",Admin Plotted,N/A,N/A,No need to update,N/A,Text,English,12,1/13/2026,1/14/2026 6:01,1/14/2026 6:04,00:03:06,
216641,352523,Grappling Zone - Houston,https://grapplingzone.com/Location#,"12260 Gulf Freeway Ste A-17, Houston, TX 77034, US",Admin Plotted,N/A,N/A,No need to update,N/A,Text,English,129,1/13/2026,1/14/2026 6:05,1/14/2026 6:06,00:00:36,
251118,422353,QG Boxing Gym,https://member-app.deciplus.pro/qgboxinggym/calendar,"5 Avenue Mohernando, Biarritz, 64200, FR",Admin Plotted,N/A,N/A,No need to update,N/A,Text,English,71,1/13/2026,1/14/2026 6:10,1/14/2026 6:11,00:00:47,
256561,436112,Kinona Pilates Studio,https://kinonastudio.com/schedule,"701 W Hallandale Beach Blvd, #109, Hallandale Beach, FL 33009, US",Admin Plotted,N/A,N/A,No need to update,arketa,Text,English,22,1/14/2026,1/14/2026 12:12,1/14/2026 12:16,00:04:07,
249440,418878,B3B Chamartín,https://b3bwomanstudio.com/horarios/,"Calle Pedro Muguruza 5, Madrid, 28036, ES",Admin Plotted,N/A,N/A,No need to update,N/A,Text,Spanish,112,1/14/2026,1/14/2026 12:17,1/14/2026 12:19,00:02:19,
264208,446210,The Picklr -Birmingham,https://birmingham.thepicklr.com/programs?facility_id=882&category=Open+Play+%2COpen+Play&search=&view=weekly,"1031 Montgomery Hwy, Vestavia Hills, AL 35216, US",Admin Plotted,N/A,N/A,No need to update,N/A,Text,English,43,1/14/2026,1/14/2026 12:22,1/14/2026 12:22,00:00:49,
265080,447159,Artists' Play Dance and Circus Arts,https://artistsplay.com/adult-classes/#passes,"388 Carlaw Avenue,, Unit 205, Toronto, ON M4M 3P1, CA",Admin Plotted,N/A,N/A,No need to update,N/A,Text,English,33,1/14/2026,1/14/2026 12:26,1/14/2026 12:27,00:01:03,
265056,447135,True Fit Living,https://truefitliving.com/,"2136 East Hastings Street, Vancouver, BC V5L 1V2, CA",Admin Plotted,N/A,N/A,Updated the Schedule,janeapp,Text,English,19,1/14/2026,1/14/2026 12:28,1/14/2026 12:34,00:06:14,
257782,438628,LVBL Jackie Robinson Park Brooklyn,https://lvbl.club/,"341 Malcolm X Boulevard, Brooklyn, NY 11233, US",Admin Plotted,N/A,N/A,No need to update,N/A,Image,English,2,1/14/2026,1/14/2026 12:54,1/14/2026 12:56,00:01:19,
256373,435550,Islander Athletics,https://islanderathletics.ca/schedule-islander-athletics-in-st-johns-nl/,"57 Old Pennywell Road, St. John's, NL A1E 6A8, CA",Admin Plotted,N/A,N/A,No need to update,pushpress,Text,English,107,1/14/2026,1/14/2026 13:09,1/14/2026 13:15,00:06:14,
252437,425096,Hybrid Lab Hq,https://hybridlab.com.au/calendar,"unit 7/49 Leda Drive, Burleigh Heads, QLD 4220, AU",Admin Plotted,N/A,N/A,Updated the Schedule,WODify,Text,English,39,1/14/2026,1/14/2026 13:29,1/14/2026 13:36,00:06:25,
224115,366289,Método DeRose - Oscar Freire,https://jardins.derosemethod.org/horario-aulas/,"Rua Oscar Freire 2222, São Paulo, SP 05409-011, BR",Admin Plotted,N/A,N/A,No need to update,N/A,Text,Portuguese,49,1/14/2026,1/14/2026 13:38,1/14/2026 13:39,00:01:34,
53865,10651,Georgia Strength,https://georgiastrength.com/gym-info/#schedule,"1337 West Hancock Ave, Athens, GA 63060, US",Admin Plotted,N/A,N/A,Updated the Schedule,N/A,Text,English,42,1/14/2026,1/14/2026 13:41,1/14/2026 13:47,00:06:04,
243798,407765,Yoga alsa,https://agence-sisters-factory.com/alsayoga,"111 Rue de Longchamp, Paris, 75016, FR",Admin Plotted,N/A,N/A,Updated the Schedule,N/A,Text,French,2,1/14/2026,1/14/2026 13:55,1/14/2026 13:56,00:00:38,
247332,414672,The Faight,https://www.thefaight.com/yoga,"475 Haight St, San Francisco, CA 94117, US",Admin Plotted,N/A,N/A,Updated the Schedule,Momence,Text,English,3,1/14/2026,1/14/2026 14:07,1/14/2026 14:08,00:01:22,
247381,414861,Magic Form Créteil,https://www.magicformcreteil.fr/planning,"20 Avenue du Maréchal de Lattre de Tassigny, Créteil, 94000, FR",Admin Plotted,N/A,N/A,No need to update,N/A,Text,French,214,1/14/2026,1/14/2026 14:20,1/14/2026 14:30,00:09:39,
189556,308771,Powerhouse Gym Miami,https://www.powerhousegymsoflo.com/class,"450 Northwest 1st Avenue, Miami, FL 33030, US",Admin Plotted,N/A,N/A,No need to update,MYiClubOnline,Text,English,114,1/14/2026,1/14/2026 14:30,1/14/2026 14:32,00:02:08,
264550,446569,CrossFit Incandescent,https://www.crossfitincandescent.com/class-schedule,"1127 Harpeth Industrial Court, Franklin, TN 37064, US",Admin Plotted,N/A,N/A,Updated the Schedule,WODify,Text,English,70,1/14/2026,1/14/2026 14:55,1/14/2026 14:57,00:02:28,
270158,453371,"Audacity Fitness, Home of CrossFit Audacity",https://www.audacityfit.com/schedule,"4540 Rivers Avenue Suite 420, North Charleston, SC 29405, US",Admin Plotted,N/A,N/A,Updated the Schedule,pushpress,Text,English,71,1/14/2026,1/14/2026 14:57,1/14/2026 15:24,00:26:52,
227031,371237,Better Player - Bush Terminal Piers Park,https://www.betterplayer.com/programs,"85 Kent Ave, Brooklyn, NY 11249, US",Admin Plotted,N/A,N/A,Updated the Schedule,N/A,Text,English,4,1/14/2026,1/14/2026 21:01,1/14/2026 21:03,00:02:27,
39708,17113,Aces Jiu Jitsu Club (Downtown Austin),https://www.acesjiujitsuclub.com/bjj-all-locations-pflugerville-north-downtown-austin-houston-texas/,"2200 E 7th Ste, #B, Austin, TX 78702, US",Admin Plotted,N/A,N/A,No need to update,N/A,Image,English,20,1/14/2026,1/14/2026 21:03,1/14/2026 21:04,00:00:42,
260894,442113,Jen Fisher Yoga,https://jenfisheryoganc.com/classes,"1104 West Cabarrus Street, Raleigh, NC 27603, US",Admin Plotted,N/A,N/A,Updated the Schedule,acuityscheduling,Text,English,8,1/14/2026,1/14/2026 21:04,1/14/2026 21:05,00:00:56,
72299,151705,Dance Variations,https://www.dance-variations.com/2023-24-schedule,"1899 Murrell Road, Rockledge, FL 32955, US",Admin Plotted,N/A,N/A,No need to update,Wix.com,Image,English,8,1/14/2026,1/14/2026 21:10,1/14/2026 21:11,00:00:49,
198920,319816,Wild Industries,https://www.wildindustriesllc.com/services?category=8ec3bb04-2564-4b9a-8e74-e4746d2ef645,"24001 Vía Fabricante, Mission Viejo, CA 92691, US",Admin Plotted,N/A,N/A,Updated the Schedule,N/A,Text,English,2,1/14/2026,1/14/2026 21:11,1/14/2026 21:14,00:03:02,
65801,119184,Pilates By Jessica,http://www.brevardsbestpilates.com/classes,"5575 Schenck Avenue #7 & #8, Rockledge, FL 32955, USA, Rockledge, FL 32955, US",Admin Plotted,N/A,N/A,No need to update,N/A,Image,English,8,1/14/2026,1/14/2026 21:14,1/14/2026 21:23,00:08:32,
45096,3042,SOUL Fitness (Reid Park ),https://soulfitness.me/locations/,"900 S. Randolph Way, Tucson, AZ 85716, US",Admin Plotted,N/A,N/A,No need to update,N/A,Text,English,2,1/14/2026,1/14/2026 21:23,1/14/2026 21:43,00:19:47,
256743,436896,Lotus Healing Studio,https://thelotusboutique.com/collections/sound-baths/products/sound-bath-saturday-10am,"635 Chapala Street, Santa Barbara, CA 93101, US",Admin Plotted,N/A,N/A,No need to update,N/A,Text,English,4,1/14/2026,1/14/2026 22:03,1/14/2026 22:04,00:00:23,
258473,439422,"Rulay, Pilates y Perreo",http://rulay.square.site,"23233 Kingsland Boulevard, Katy, TX 77494, US",Admin Plotted,N/A,N/A,No need to update,sqaure,Text,English,120,1/14/2026,1/14/2026 22:04,1/14/2026 22:09,00:05:16,
264350,446364,Rame Québec,https://ramequebec.com/horaire,"824 Rue Paradis, Ste-Foy, Québec, QC G1V 2B7, CA",Admin Plotted,N/A,N/A,No need to update,N/A,Text,English,26,1/14/2026,1/14/2026 22:09,1/14/2026 22:22,00:13:04,
176231,294759,Magic Form Paris 14,https://plannings.magic-form.fr/planning311768400081.pdf,"12 Rue Pierre Larousse, Paris, 75014, FR",Admin Plotted,N/A,N/A,No need to update,N/A,image,English,64,1/14/2026,1/14/2026 22:34,1/14/2026 22:35,00:00:45,
107284,215265,Htown Fitness,https://www.urbanathletics.co/schedule-heights,"1919 Silver Street, Houston, TX 77007, US",Admin Plotted,N/A,N/A,No need to update,N/A,Text,English,46,1/15/2026,1/15/2026 15:25,1/15/2026 15:30,00:05:02,
44105,181051,Snap Fitness (Media City),https://www.snapfitness.com/ae/gyms/dubai-mediacity#schedule,"Dubai Jewel Tower, Level 2, Media City, Dubai, 0, AE",Admin Plotted,N/A,N/A,No need to update,N/A,Text,English,56,1/15/2026,1/15/2026 20:58,1/15/2026 20:59,00:00:42,
271148,454749,Gandiva Yoga,https://www.gandivayogact.com/%3Cscript%20src=%22https://widgets.mindbodyonline.com/javascripts/healcode.js%22%20type=%22text/javascript%22%3E%3C/script%3E%20%3Chealcode-widget%20data-type=%22schedules%22%20data-widget-partner=%22object%22%20data-widget-i,"101 Emerson Street, New Haven, CT 06515, US",Admin Plotted,N/A,N/A,No need to update,Vagaro,Text,English,36,1/15/2026,1/15/2026 21:21,1/15/2026 21:25,00:04:00,
243896,407952,Charade Dance Academy,https://www.charadedanceacademy.com/schedule,"8762 Garden Grove Boulevard, STE 101, Garden Grove, CA 92844, US",Admin Plotted,N/A,N/A,No need to update,N/A,Image,English,54,1/15/2026,1/15/2026 21:21,1/15/2026 21:22,00:01:24,
57616,181838,Proof Fitness (Tates Creek),https://mico.myiclubonline.com/iclub/members/signin?clubNumber=04462#classes,"4101 Tates Creek Centre Drive, Lexington, KY 40517, US",Admin Plotted,N/A,N/A,Updated the Schedule,N/A,Text,English,28,1/15/2026,1/15/2026 21:22,1/15/2026 21:41,00:18:12,
265532,447734,Stretchy Yoga - Eastern Bays,https://www.stretchyyoga.co.nz/link-in-bio,"126-160 Saint Heliers Bay Road, Auckland, 1071, NZ",Admin Plotted,N/A,N/A,No need to update,acuityscheduling,Text,English,2,1/15/2026,1/15/2026 21:41,1/15/2026 21:43,00:02:01,
236560,395362,XENO-ANIMALS DANCE STUDIO,https://www.xeno-animals.com/schedule,"163 Amory Street, Brookline, MA 02446, US",Admin Plotted,N/A,N/A,No need to update,Momence,Text,English,48,1/15/2026,1/15/2026 21:43,1/15/2026 21:47,00:03:46,
49227,182124,S.H.E. Fitness Studio (East Kendall),https://www.shefitnessstudio.com/_files/ugd/af2098_2d23bf772c37417f8cfd0dc7cf553fd2.pdf,https://www.shefitnessstudio.com/_files/ugd/af2098_2d23bf772c37417f8cfd0dc7cf553fd2.pdf,Admin Plotted,N/A,N/A,No need to update,N/A,Image,English,66,1/15/2026,1/15/2026 21:57,1/15/2026 21:58,00:00:26,
264066,446021,Hamfit,https://hamfit.com/horaire,"832 Boulevard Provencher, Brossard, QC J4W 1Y6, CA",Admin Plotted,N/A,N/A,No need to update,N/A,Text,English,78,1/15/2026,1/15/2026 21:58,1/15/2026 22:03,00:05:04,
39828,179643,Physical Education by Marina Rae Trejo,https://www.marinatrejo.com/schedule,"106 Calyer St, Brooklyn, NY 11222, US",Admin Plotted,N/A,N/A,No need to update,N/A,Text,English,2,1/15/2026,1/15/2026 22:03,1/15/2026 22:08,00:05:27,
259598,440652,Pilates Body Sculpting (Garfield Park),http://pilatesbodysculpt.com/,"1000 Park Avenue, South Pasadena, CA 91030, US",Admin Plotted,N/A,N/A,No need to update,N/A,Text,English,62,1/15/2026,1/15/2026 22:08,1/15/2026 22:11,00:02:50,
266777,449154,L2 pilates studio,https://l2pilates.bulbulbuy.com/p/m/cat/MwJgDAtARhCMDsIAcwCsA2AnJsITyA?selectedSub=ALL--320-b-1728356990227,"7F, Ming Fat Building, 72 Wellington Street, Central, Hong Kong, n/a, HK",Admin Plotted,N/A,N/A,No need to update,N/A,Text,English,98,1/15/2026,1/15/2026 22:11,1/15/2026 22:14,00:02:15,
241184,402634,Fit Spot,https://www.fit-spot.com/,"510 Rt 18 North, East Brunswick, NJ 08816, US",Admin Plotted,N/A,N/A,No need to update,N/A,Image,English,64,1/15/2026,1/15/2026 22:14,1/15/2026 22:17,00:03:19,
233477,390351,Bollyvibe Dance & Fitness llc,https://bollyvibe.square.site/,"7 Progress Street, Suit 103, Edison, NJ 08820, US",Admin Plotted,N/A,N/A,No need to update,square,Text,English,2,1/15/2026,1/15/2026 22:17,1/15/2026 22:20,00:02:34,
200875,322930,DW Dance,https://calendar.google.com/calendar/u/0/embed?src=c_355805174bcfc607b0f83a5c923e4440f2dfd35a3d052e21820742b8f7c10dad@group.calendar.google.com&ctz=America/New_York,"2221 North Hercules Avenue, Clearwater, FL 33763, US",Admin Plotted,N/A,N/A,Updated the Schedule,google calendar,Text,English,14,1/15/2026,1/15/2026 22:20,1/15/2026 22:37,00:17:14,
269236,452256,Box-x,https://www.stamfordboxingandfitness.com/classes,"48 Union Street, Stamford, CT 06906, US",Admin Plotted,N/A,N/A,No need to update,N/A,Text,English,32,1/15/2026,1/15/2026 22:37,1/15/2026 22:46,00:08:50,
264553,446572,Capoeira Quebec,https://capoeiraquebec.com/,"336 Rue du Roi, Quebec, QC G1K 2W5, CA",Admin Plotted,N/A,N/A,No need to update,N/A,Text,English,5,1/15/2026,1/15/2026 22:42,1/15/2026 22:43,00:00:28,
211361,344477,Legion Jiu Jitsu / CheckMat East Nashville,https://legionjj.com/blog/153164/Legion-Jiu-Jitsu-Schedule,"2618 Gallatin Pike, Nashville, TN 37216, US",Admin Plotted,N/A,N/A,Updated the Schedule,97display,Text,English,28,1/15/2026,1/15/2026 22:45,1/15/2026 22:50,00:04:52,
256183,435074,Precision Sculpt Pilates - Staten Island,https://www.precision-sculpt-pilates.com/schedule-1,"1361 Hylan Boulevard, Staten Island, NY 10305, US",Admin Plotted,N/A,N/A,No need to update,N/A,Text,English,62,1/15/2026,1/15/2026 22:46,1/15/2026 22:48,00:01:42,
244529,409450,Commonwealth Circus Center,https://commonwealthcircus.com/schedule-registration/,"8 Brookley Road, Boston, MA 02130, US",Admin Plotted,N/A,N/A,No need to update,N/A,Text,English,24,1/15/2026,1/15/2026 22:52,1/15/2026 23:06,00:14:18,
261230,442526,CrossFit Olympia,https://www.crossfitolympia.com/class-schedule,"605 State Ave NE, Olympia, WA 98501, US",Admin Plotted,N/A,N/A,No need to update,pushpress,Text,English,76,1/15/2026,1/15/2026 23:05,1/15/2026 23:06,00:00:34,
221544,361829,Coronado Academy Of Dance,https://coronadodance.com/schedule/,"952 Orange Avenue, Coronado, CA 92118, US",Admin Plotted,N/A,N/A,No need to update,N/A,Text,English,12,1/15/2026,1/15/2026 23:09,1/15/2026 23:09,00:00:21,
69208,128409,Soult Treats @ Lobe Block,https://soultreats.de/english-vinyasa-yoga-berlin-mitte,"Boettgerstrasse 16, Lobe Block, Berlin, 13357, DE",Admin Plotted,N/A,N/A,Updated the Schedule,N/A,Text,English,4,1/15/2026,1/15/2026 23:09,1/15/2026 23:10,00:01:07,
51039,181598,Junker Fitness,https://www.junkerfitness.com/class-schedule.html,"1200 West 76th Street, Cleveland, OH 44102, US",Admin Plotted,N/A,N/A,No need to update,N/A,Text,English,3,1/15/2026,1/15/2026 23:27,1/15/2026 23:27,00:00:29,
250876,422009,Loft Fitness,https://loft.pushpress.com/landing/calendar,"4140 California Avenue Southwest, Seattle, WA 98116, US",Admin Plotted,N/A,N/A,No need to update,pushpress,Text,English,20,1/15/2026,1/15/2026 23:35,1/15/2026 23:35,00:00:43,
204837,332134,Jazzercise - Riverton,https://www.jazzercise.com/studio/ut/riverton-fitness-center#schedule,"1716 West 12600 South, Riverton, UT 84065, US",Admin Plotted,N/A,N/A,No need to update,N/A,Text,English,36,1/15/2026,1/16/2026 0:23,1/16/2026 0:24,00:00:28,
219756,358921,Craft Boxing Club - Calabasas,https://www.craftboxing.com/calabasas/,"26662 Agoura Road, Calabasas, CA 91302, US",Admin Plotted,N/A,N/A,No need to update,N/A,Text,English,56,1/15/2026,1/16/2026 0:24,1/16/2026 0:26,00:02:17,
230071,384331,TipTop Shape,https://tiptopshape.sites.zenplanner.com/calendar.cfm,"472 9th Street, Oakland, CA 94607, US",Admin Plotted,N/A,N/A,No need to update,N/A,zenplanner,English,45,1/15/2026,1/16/2026 0:26,1/16/2026 0:27,00:00:44,
235457,393324,Shana's Dance Studio,https://cdn.hibuwebsites.com/59cbfa482dbb4ccabec5ff23e3578ad8/files/uploaded/shanas-dance-studio-2025-2026-schedule-86625d50.pdf,"4801 W 124th Street, Savage, MN 55378, US",Admin Plotted,N/A,N/A,No need to update,N/A,image,English,28,1/15/2026,1/16/2026 0:27,1/16/2026 0:29,00:01:47,
260722,441938,Leaders Taekwondo,https://leaders-taekwondo.gymdesk.com/schedule,"541 East Broadway, Vancouver, V5T 1X4, CA",Admin Plotted,N/A,N/A,No need to update,N/A,Text,English,36,1/15/2026,1/16/2026 0:29,1/16/2026 0:30,00:00:51,
254185,429445,Dar Pilates,https://darpilates.com/schedule/,"TBC, Sharjah, AE",Admin Plotted,N/A,N/A,Updated the Schedule,Mindbody,Text,English,16,1/15/2026,1/16/2026 0:55,1/16/2026 0:56,00:00:57,
246487,413346,Urquiza Tango Argentino,https://bookeo.com/urquiza?category=32546MC6YH15DD750BB7A,"Schönhauser Allee 175, Berlin, 10119, DE",Admin Plotted,N/A,N/A,No need to update,Bookeo,Text,English,16,1/15/2026,1/16/2026 1:25,1/16/2026 1:25,00:00:31,
173195,291590,Kinnect Fitness,https://www.kinnectwithus.com/schedule,"Quince Drive & Balboa Drive, San Diego, CA 92103, US",Admin Plotted,N/A,N/A,No need to update,N/A,Text,English,22,1/15/2026,1/16/2026 1:28,1/16/2026 1:35,00:06:20,
40345,183660,Rangeela Dance Company (Multiple Locations),https://rangeeladancecompany.com/dance-classes-in-seattle/,"340 15th Ave E, Seattle, WA 98112, US",Admin Plotted,N/A,N/A,No need to update,N/A,Text,English,2,1/15/2026,1/16/2026 1:36,1/16/2026 1:57,00:20:50,
235638,393759,Yoga with Paulina - The Loft,https://yoga-with-paulina.com/yoga-schedule/,"5302 Boulevard Saint-Laurent, Montréal, QC H2T 1S1, CA",Admin Plotted,N/A,N/A,No need to update,N/A,Text,English,8,1/15/2026,1/16/2026 1:57,1/16/2026 1:59,00:02:38,
200249,321835,AB FITNESS GYM,https://abfitness.ae/classes/,"Dubai Maritime City - Port Rashid, Dubai, AE",Admin Plotted,N/A,N/A,Updated the Schedule,N/A,Text,English,10,1/15/2026,1/16/2026 2:03,1/16/2026 2:04,00:01:45,
210830,343521,CrossFit ENG,https://www.engcrossfit.com/schedule,"326 Southwest 2nd Terrace, Cape Coral, FL 33991, US",Admin Plotted,N/A,N/A,No need to update,N/A,Text,English,120,1/15/2026,1/16/2026 2:05,1/16/2026 2:11,00:05:55,
252333,424794,Nemea Health Club - Clermont Delille,https://nemeasportclub.fr/planning-de-cours-collectifs/,"14 Place d'Espagne, Clermont-Ferrand, 63100, FR",Admin Plotted,N/A,N/A,No need to update,N/A,Text,English,14,1/15/2026,1/16/2026 2:11,1/16/2026 2:17,00:06:04,
271403,455043,Zgym,https://www.lezgym.ca/horaires-cours.php,"2888 Chemin de Chambly, Longueuil, QC J4L 1N1, CA",Admin Plotted,N/A,N/A,No need to update,N/A,Text,French,123,1/15/2026,1/16/2026 3:27,1/16/2026 3:28,00:00:54,
215155,350241,Active Hive Wellness Studio,https://activehive.com.sg/,"41 Jalan Pemimpin #03-07, Kong Beng Industrial Building, Singapore, 577186, SG",Admin Plotted,N/A,N/A,No need to update,N/A,Text,English,134,1/15/2026,1/16/2026 3:28,1/16/2026 3:31,00:03:03,
233364,390209,Cooldown Running - Chicago,https://www.sweatpals.com/host/cooldown/calendar,"2401 North DuSable Lake Shore Drive, Chicago, IL 60614, US",Admin Plotted,N/A,N/A,No need to update,N/A,Text,English,54,1/15/2026,1/16/2026 3:31,1/16/2026 3:33,00:02:07,
42914,3001,Jane Self-Defense,https://www.janeselfdefense.com/classes,"970 Turquoise St., San Diego, CA 92109, US",Admin Plotted,N/A,N/A,No need to update,N/A,Text,English,112,1/15/2026,1/16/2026 3:33,1/16/2026 3:36,00:02:36,
68624,124953,The Resistance,https://www.the-resistance.co.uk/,"Unit A/B Queens Road, Industrial Estate Queens Road High Barnet, London, EN5 4DL, GB",Admin Plotted,N/A,N/A,No need to update,N/A,Text,English,38,1/15/2026,1/16/2026 3:36,1/16/2026 3:39,00:03:25,
243945,408001,Empower Dance Studio,https://app.gostudiopro.com/online/classes.php?account_id=8594,"807 E Main St, SUITE 7, Durham, NC 27701, US",Admin Plotted,N/A,N/A,No need to update,N/A,Text,English,24,1/15/2026,1/16/2026 3:36,1/16/2026 3:37,00:00:54,
247311,414650,Fit Kids Academy for Girls,https://fitkidsacademyuae.com/what-we-offer/#ladies,"Shakhbout City - MSH15, Abu Dhabi, 00000, AE",Admin Plotted,N/A,N/A,No need to update,N/A,Text,English,18,1/15/2026,1/16/2026 3:37,1/16/2026 3:40,00:02:37,
265660,447862,Sportcentrum VU,https://sportcentrumvu.nl/,"Uilenstede 100, Amstelveen, 1183 AM, NL",Admin Plotted,N/A,N/A,No need to update,N/A,Text,Dutch,200,1/15/2026,1/16/2026 3:40,1/16/2026 3:41,00:01:17,
33681,4987,3CLICK Fitness,https://3clickfitness.com/schedules/group-fitness-schedule/,"687 Winnetka Ave N, Golden Valley, MN 55427, US",Admin Plotted,N/A,N/A,No need to update,Mindbody,Text,English,14,1/15/2026,1/16/2026 3:41,1/16/2026 3:42,00:01:03,
65960,119156,P.O.F.P. CrossFit,https://www.pofpcrossfit.com/schedule-p-o-f-p-crossfit-in-mercer-pa,"565 West Neshannock Avenue, New Wilmington, PA 16142, US",Admin Plotted,N/A,N/A,No need to update,N/A,Text,English,18,1/15/2026,1/16/2026 3:43,1/16/2026 3:51,00:08:51,
31276,1153,Your Yoga Studio,https://www.youryogatx.com/schedule.html,"8213 Brodie Ln, Suite #107, Austin, TX 78745, US",Admin Plotted,N/A,N/A,No need to update,N/A,Text,English,121,1/15/2026,1/16/2026 3:46,1/16/2026 3:48,00:01:38,
49462,127538,Sports Basement (San Ramon),https://shop.sportsbasement.com/pages/calendar,"1041 Market Place, San Ramon, CA 94583, US",Admin Plotted,N/A,N/A,No need to update,N/A,Text,English,100,1/15/2026,1/16/2026 3:48,1/16/2026 3:49,00:00:47,
249440,418878,B3B Chamartín,https://b3bwomanstudio.com/horarios/,"Calle Pedro Muguruza 5, Madrid, 28036, ES",Admin Plotted,N/A,N/A,No need to update,N/A,Text,English,24,1/15/2026,1/16/2026 3:52,1/16/2026 4:00,00:08:20,
194405,314564,Empowered Mama Fitness LLC,https://www.empowerherfitnessbatavia.com/,"7 Sayer Road, Bartlett, IL 60103, US",Admin Plotted,N/A,N/A,No need to update,N/A,Text,English,18,1/15/2026,1/16/2026 3:57,1/16/2026 3:58,00:00:44,